0,
1,"[[""'박력분,버터,설탕'만으로 만드는 에어프라이기! 버터쿠키레시피★"", '2인분 60분 이내 초급 '], {'[주재료]': ['박력분67g', '버터59g', '설탕1T'], '[준비물]': ['종이호일', '가위1개', '펜1개', '일회용비닐1개', '거품기1개', '체1개']}, ['#1 전자렌지에 1분간 녹인 버터를 볼에 부어요.실온에 둔 고체형태 버터를 사용해도 무관해요!! 저는 녹이니 사용하기 편해서 녹였답니다.', '#2 거품기를 이용해 버터를 풀어요.', '#3 설탕을 투하해요.', '#4 거품기를 이용해 설탕을 섞어요.', '#5 박력분을 체로 내려요.', '#6 박력분을 잘 섞어요.체보다 손을 이용해 섞는 것이 좋아요!! 체를 사용하니 설거지가 힘들더라구요 ㅠㅠ', '#7 완성된 반죽을 동그랗게 모아요.', '#8 반죽을 일회용 비닐에 넣어 길쭉한 모양을 해요.', '#9 일회용 비닐을 잘 감싸고 냉동실에 1시간 얼려요.', '#10 반죽이 냉동 보관될 동안 종이호일을 오려볼까요?종이호일, 에어프라이기 틀, 가위, 검은펜을 준비해요.', '#11 종이호일에 에어프라이길 틀을 올려놓고 검은펜으로 쿠키반죽 놓는 곳, 손잡이를 그려요.', '#12 가위로 선을 따라 오려요.', '#13 도마위에 종이호일을 올려 얼려둔 쿠키반죽을 가져와요.', '#14 쿠키 반죽을 칼로 썰어요.일회용 비닐을 반만 젖혀 손으로 잡고 썰면 편해요! 반죽이 녹기 전에 빨리 썰어요!', '#15 오려둔 종이호일 위에 절단한 쿠키반죽을 올려요.', '#16 170℃ 에서 15분간 구워요.기계에 따라 시간과 온도에 차이가 있어요.', '#17 긴 나무젓가락을 이용해 뒷면을 뒤집어 180℃에서 5분간 구워요.', '#18 완성된 쿠키!!', '#19 베어 문 쿠키의 단면 모습!!버터의 고소한 맛과 파삭거리는 식감이 너무 좋아요! '], []]"
2,"[['버섯으로 관자 느낌 내는 방법! 새송이버섯간장버터구이 만들기', '1인분 15분 이내 아무나 '], {'[재료]': ['새송이버섯2개', '버터30g', '어린잎채소'], '[소스재료]': ['간장1T', '맛술1T', '올리고당1/2T']}, ['#1 버섯의 밑동과 갓을 잘라낸 뒤, 3~4등분 한다', '#2 자른버섯의 양면에 칼집을 낸다', '#3 팬에 버터를 녹인다', '#4 버섯을 굽는다', '#5 불을 약불로 줄이고 소스를 넣고 졸인다'], []]"
3,"[['[원볼,원팬]건강한데 맛있기까지?! 노버터 통밀 오트밀 쿠키', '4인분 30분 이내 아무나 '], {'[재료]': ['통밀우리밀150g', '계란1개60g', '설탕60g', '베이킹파우더1g', '오트밀100g', '견과류85g', '초코칩30g', '바닐라엑스트렉3방울', '카놀라유45g']}, ['#1 카놀라유와 설탕을 넣고 섞어 줍니다.', '#2 계란, 바닐라 엑스트렉을 넣고 설탕의 서걱거림이 잦아들도록 섞어주세요', '#3 통밀 + 베이킹파우더를 체 쳐 넣어 섞어주세요.', '#4 볶은 오트밀과 견과류, 초코칩을 넣고 섞어 뭉쳐주세요. [주걱을 세워 가르듯이 섞어주세요]', '#5 적당한 크기로 분할한 뒤, 반죽을 눌러 팬닝합니다. 취향에 따라 추가로 초코칩을 더 올려주어도 좋아요', '#6 180도 예열된 오븐에서 15분간 구워 완성합니다. [오븐 사양에 따라 다르니 구움색을 잘 체크 해 주세요.]'], []]"
4,"[['최애반찬 소시지 감자조림', '3인분 10분 이내 초급 '], {'[재료]': ['감자2개', '비엔나소시지10여개', '청양고추2개', '식용유2스푼', '식초1티스푼'], '[양념]': ['간장2스푼', '굴소스1스푼', '물1/2컵', '다진마늘0.5스푼', '맛술2스푼', '황설탕0.5스푼', '올리고당1.5스푼', '참기름', '후추', '깨소금약간씩']}, ['#1 재료 준비해 주세요~', '#2 감자는 먹기 좋은 크기로 썰고 청양고추는 송송 썰고  비엔나소시지는 끓는 물에 한번 샤워시켜 준 다음 간이 잘 배이도록 이등분해 주면 재료 준비 끝!', '#3 팬에 기름 약간 두르고 감자 넣고 1~2분 볶아  기름코팅을 시켜 준 다음 물 반컵 넣어 주세요~감자 기름에 볶은 후 조리면  잘 부서지지도 않고 간도 잘 배여요~', '#4 적힌 분량의 간장, 굴소스, 황설탕, 맛술,  다진마늘, 올리고당을 넣어 주세요~', '#5 한번 휘저어 섞은 후 뚜껑 닫고  감자가 익도록 3분 정도만 끓여 주세요~', '#6 마지막에 식초 1티스푼 넣고 센불로 볶아 식초향 날린 후 청양고추 넣고 한번 뒤적거려 준 다음 불 끄고  참기름, 깨소금 , 후추 약간 넣어 마무리 하면 완성!', '#7 슴슴하게 간이 적당하게 배여  밥반찬으로 넘 좋은 소시지 감자조림입니다'], []]"
5,"[[""고기처럼 쫄깃한 밥도둑 반찬 '새송이버섯 간장버터구이'레시피"", '2인분 10분 이내 아무나 '], {'[재료]': ['새송이버섯3동', '청양고추1개', '대파1/2대', '버터1T'], '[앙념]': ['간장5T', '올리고당2T', '다진마늘1T', '참기름1T', '물2T']}, ['#1 먼저 새송이 버섯 3동은 밑동을 제거하고 일정한 두께로 잘라 줍니다. 대파와 청양고추는 쫑쫑 썰어 줍니다.', '#2 간장5T,올리고당2T,물2T,다진마늘1T, 참기름1T를 섞어주신뒤 썰어놓은 청양고추,대파를 섞어줍니다.T:성인 숟가락 기준입니다', '#3 달궈진 팬에 버터 1스푼 녹여준 뒤 새송이버섯을 앞뒤로 구워 줍니다.중약불', '#4 버섯이 쫄깃하게 구워지면 만들어 놓은 양념을 버섯이 자작히 잠기도록 부어 줍니다.약불에서 타지 않게 졸여 주심 끝!', '#5 고기처럼 쫄깃한 새송이버섯 간장버터구이 완성입니다!', '#6 한개 먹어보니 고소한 버터향에 짭쪼롬한 간장양념이 어우려져 참 맛있어요!밥 한공기 뚝딱 하게 만듭니다^^'], []]"
6,"[['고소하고 상큼한 일본식 오이토마토무침', '2인분 20분 이내 아무나 '], {'[재료]': ['오이1개', '완숙토마토1개', '꽃소금약간'], '[양념]': ['설탕2작은술', '깨소금2큰술', '현미식초2작은술', '양조간장1큰술', '참기름1작은술']}, ['#1 오이와 토마토는 깨끗이  씻어 주고 (토마토가 작아서 두개 했어요) 오이 표면에 있는 오돌도톨한  부분을 살짝 제거 해 주세요', '#2 오이는 반으로 잘라서 씨를 제거 해 주고 ~', '#3 오이는 1.5cm 정도로 썰어 주고 ~', '#4 꽃소금 약간 넣어 섞어 준 다음 10분 절임 하고 ~', '#5 키친타올에 수분기 제거 하고 ~', '#6 볼에 담아 주세요', '#7 토마토는 십자로 썰어 주고 다시 반으로 잘라서 ~', '#8 씨를 제거 해 주세요', '#9 양념 만들어 주고 ~', '#10 깨소금은 바로 곱게 갈아 주면 더 맛있어요', '#11 양념은 잘 섞어 주세요', '#12 볼에 오이와 토마토 담아 주고 ~', '#13 양념 넣어 주고 ~', '#14 살살 버무려 주면 됩니다', '#15 접시에 담아 주고 ~'], []]"
7,"[['즉석 목살 양념구이~ 달큰한 양념소스가 정말 맛있습니다.', '2인분 20분 이내 초급 '], {'[재료]': ['돼지목살300g'], '[즉석양념]': ['설탕1T', '간장1-1/4T', '물엿2T', '간마늘1/2큰술', '생강가루1꼬집', '맛술1T', '굴소스1/2T', '후추가루1꼬집', '대파다진거1큰술']}, ['#1 페이지속 레시피 동영상 시청과!! 유튜브 구독은 레시피 제작에 커다란 힘이 됩니다!! 즉석양념 재료를 모두 넣고 설탕이 완전히 녹을때 까지 잘 저어주세요.', '#2 프라이팬을 충분하게 예열 한 다음 목살을 구워 주세요. 불이 너무 약하면 고기에서 육즙이 다 빠져 나오고 비린내도 날수 있습니다~ 꼭 쎈불에 양면을 구워 주세요. 나중에 양념에 조릴거라 안쪽까지 다 안익어도 됩니다~ 겉면이 노릇해 질때까지만 구워주세요.', '#3 목살의 양면이 노룻해지면 양념장을 골고루 끼얹어 주세요.', '#4 양념장을 부은 다음 물 20cc 정도를 부어주세요. 양념장을 만드실때 함께 넣어도 상관없습니다.', '#5 30초 정도 바글바글 끓여 주다가 불을 완전히 줄이고 고기를 먹기 좋은 크기로 잘라주세요. 불을 안줄이고 자르면 양념장에 수분이 순식간에 증발해 버려서 양념이 타기 시작합니다. 커팅 할때는 불을 완전히 줄이고 커팅 해주세요~', '#6 커팅을 완료 하셨으면 불을 강하게 두고 주걱으로 잘 저어 가면서 양념을 졸여 주면 됩니다. 시잔처럼 양념이 거의다 졸여져서 수분이 안보일때까지 졸여 주시면 됩니다~', '#7 완성입니다~ 윤기가 파르르 한게 정말 맛있엇어요~ 밥반찬으로도 술안주로도 강추 입니다~ 페이지속 레시피 동영상 시청은 레시피 제작에 커다란 힘이 됩니다.'], []]"
8,"[['새우요리 갈릭마요새우~ 요거 완전 맛있지~', '1인분 15분 이내 아무나 '], {'[재료]': ['냉동새우1줌'], '[양념]': ['마요네즈4큰술', '다진마늘1큰술', '설탕1큰술'], '[새우 밑간]': ['후추약간', '소금약간']}, ['#1 냉동 새우 한줌을 해동 시켜주세요. 그냥 실온에 두셔서 해동시키셔도 되고, 전자렌지 해동기능을 사용하셔도 되요. 전 좀 느지막히 꺼내놓아서 전자렌지에 해동했어요.', '#2 전자렌지에 냉동새우를 잠깐 돌리는 동안 분량의 양념을 섞어서 만들어주세요. 마요네즈 4큰술, 다진마늘 1큰술, 설탕 1큰술조금 더 매콤하게 드시고 싶은 분들은 다져서 양념에 추가시키시면되요~', '#3 해동이 끝난 냉동새우는 후추와 소금을 뿌려서 잠깐 재워두었어요.', '#4 20분 정도 지나고 물기를 어느정도 제거해주고 기름을 두른 팬에 밑간한 새우를 넣고 앞뒤로 살짝 뒤집어 가며 익혀주세요~', '#5 어느정도 노릇노릇해지면 섞어놓은 양념을 넣고 같이 섞어주시면 되요', '#6 양념이 어느정도 노릇해 지면 불꺼서 마무리~!! 완성된 갈릭마요새우예요~~!!'], []]"
9,"[['완전맛있는 차돌박이찜! 미소된장마요소스도 함께~', '2인분 15분 이내 아무나 '], {'[재료]': ['차돌박이10장', '깻잎5장', '팽이버섯1묶음', '숙주나물1주먹'], '[미소된장마요소스]': ['미소된장1큰숟갈', '마요네즈1숟갈', '올리고당1숟갈', '다진마늘0.5숟갈', '고춧가루0.3숟갈', '청양고추1개다진것', '물2숟갈']}, ['#1 팽이버섯은 밑둥을 잘라내고 씻어주시고 깻잎도 흐르는물에 씻어주세요저는 깻잎이 커서 반으로 잘라서 사용! 작으면 1장을 통채로 쓰시면됩니다', '#2 차돌박이 위에깻잎을 올리고', '#3 그위에 팽이버섯을 올려준뒤', '#4 돌돌 말아주기만하면 완성이에요', '#5 만드는 방법 완전 간단하죠?', '#6 냄비에 숙주나물을 한주먹 깔고', '#7 차돌박이를 올려 10분간 쪄주면 끝차돌박이 말린이음새 부분이 아래로 가게 두고 찌면 풀어지지않아요', '#8 차돌박이찜이 완성되는 사이 소스를 만들어볼게요! 처음엔 된장이랑 마요네즈? 하실텐데 드셔보시면 고기랑 정말 잘어울리는 소스!', '#9 분량의 재료들을 잘섞어주시면되구요 미소된장이 없으시다면 집된장 말고 시판된장 싱거운걸 사용하셔도 됩니다', '#10 차돌박이 찜기에 넣고 소스만들면 그사이 차돌박이찜 완성입니다 금새 익기때문에 정말 초스피드로 완성할수있는 요리에요', '#11 예쁘게 그릇에 담아주면 끝!', '#12 된장마요소스에 콕 찍어먹으면 정말 맛있답니다  강력추천!'], []]"
10,"[['해물찜처럼 맛있는 백종원 소시지콩나물찜', '3인분 30분 이내 아무나 '], {'[재료]': ['콩나물1봉', '비엔나소시지1봉', '대파1대', '양파1/2개', '믈1컵(종이컵)'], '[양념]': ['고추장2T', '고추가루2T', '간장4T', '설탕1T', '간마늘1T', '참기름1T']}, ['#1 먼저 콩나물 1봉지를 깨끗이 씻어 체에 받쳐 둡니다.', '#2 양파는 얇게 채썰어 주시구 대파와 비엔나소시지는 어슷썰기를 해 줍니다.비엔나소시지를 더 건강하게 드시려면 뜨거운 물에 한번 데쳐주세요', '#3 팬에 식용유 약간 두르고 소시지를 달달달 볶다가 절반정도 익으면 종이컵기준 물1컵을 붓고 끓여 주세요', '#4 물이 끓으면 대파,양파, 콩나물을 넣구 참기름을 제외한 양념을 다 넣고 섞어줍니다', '#5 뚜껑을 닫고 팔팔 끓여 주세요.처음에는 물이 너무 적나 싶지만 야채에서 수분이 나오니 걱정안하셔도 되요  ', '#6 콩나물 숨이 죽고 국물이 자작해지면 전분1T에 물2T를 섞어 전분물을 만들어 조금씩 부어줍니다전분물을 넣으면 국물이 금방 걸죽하게 되요', '#7 국물이 걸죽해지면 참기름1스푼넣고 섞어주심 끝!', ""#8 해물찜처럼 칼칼하고 맛있는 밥도둑 백주부님 '소시지콩나물찜'이 완성되었어요.콩나물과 소시지를 함께 한입 먹어보니 아삭아삭한 콩나물에 소시지가 어우려져 참 맛있어요. 뜨끈한 밥에 김가루 약간 넣고 비벼 먹어두 넘 맛있어요""], []]"
11,"[['단짠단짠의 대패덮밥', '2인분 30분 이내 초급 '], {'[재료]': ['대패삼겹살400g', '대파2뿌리', '설탕2스푼', '맛간장(OR진간장)4스푼']}, ['#1 궁중팬에 대패삼겹살을 넣어줍니다.대패삼겹살 400g', '#2 대파는 큼직하게 썰어서 준비합니다.대파 2뿌리', '#3 대패삼겹살이 골고루 익도록 볶아줍니다.강불', '#4 고기가 적당히 익으면 준비한 대파를 넣고 좀더 볶아줍니다.강불', '#5 대패삼겹살이 노릇해질 정도로 충분히 익혀준 뒤중불', '#6 설탕 2스푼을 넣고 한번 더 볶아줍니다.설탕 2스푼중불', '#7 설탕을 넣고 볶아주면 고기에 윤기가 돌아요.중불설탕을 넣을 때는 불을 중불로 줄여야 타지않게 볶을 수 있어요.', '#8 맛간장 또는 진간장을 4큰술 넣고 한번 더 볶아줍니다.중불입맛에 따라 간장의 양은 조절해야 해요!', '#9 삼겹살에 간장 양념이 골고루 베이도록 볶아주면 완성이에요^^', '#10 오목한 그릇에 따뜻한밥을 담고, 그 위에 볶은 고기를 올려주면 대패덥밥 완성!'], []]"
12,"[['우리 집 최애 반찬 달콤 짭조름한 닭안심감자조림', '2인분 60분 이내 초급 '], {'[재료]': ['닭안심10조각', '감자작은것2개', '대파1대', '우유적당량', '당면1줌'], '[조림 간장 재료]': ['간장소주잔1컵', '설탕소주잔1/2컵', '생수소주잔1컵', '맛술소주잔1/2컵', '다진마늘1큰술', '참기름1/2큰술', '통깨적당량']}, ['#1 닭고기는 해동 후 우유에 30분 동안 재운다.냉장 닭고기를 사용한다면 해동 과정 없이 바로 우유에 재워 주세요.', '#2 감자는 적당한 크기로 깍둑 썰고, 대파는 쫑쫑 썰어 준비한다.', '#3 당면은 찬물에 불려 둔다.', '#4 우유에 재운 닭안심을 깨끗이 씻은 뒤 끓는 물에 10분간 데쳐 불순물을 제거한다.', '#5 간장 소주잔 1컵, 설탕 소주잔 1/2컵, 생수 소주잔 1컵, 맛술 소주잔 1/2컵, 다진 마늘 1큰술, 참기름 1/2큰술, 통깨 적당량을 넣어 조림 간장을 만든다.', '#6 냄비에 초벌한 닭안심과 감자 그리고 조림 간장을 넣은 뒤 센불에 끓인다.', '#7 어느 정도 국물의 양이 줄면 중약불로 바꾼 뒤 계속 졸인다.', '#8 국물이 적당히 자박하게 남으면 불려둔 당면과 대파를 넣고 한소끔 더 끓여 준다.당면은 물을 쫙 흡수하므로 국물이 적당히 남았을 때 넣어야 더 맛있게 먹을 수 있어요!'], []]"
13,"[[""서가앤쿡에서 먹던 그 요리, '새우 필라프' 만들기 [NO 치킨스톡]"", '2인분 30분 이내 초급 '], {'[기본 재료]': ['대파1/2단', '양파1/2개', '애호박1/2개', '풋고추3개', '편마늘', '표고버섯3개', '새우취향껏'], '[양념 재료]': ['버터1조각', '간장1큰술', '굴소스1큰술', '올리고당1큰술'], '[부가 재료]': ['계란후라이', '마요네즈']}, ['#1 제일 먼저 재료들을 손질해줍니다. 대파를 송송송 썰어주세요.대파 1/2단', '#2 양파는 네모낳게 깍둑썰기 해줍니다.양파 1/2개', '#3 애호박은 십자썰기 해주세요.애호박 1/2개', '#4 풋고추는 미리 물에 깨끗이 씻어주시고 속을 정리해주세요. 그리고 양파와 비슷한 크기로 네모낳게 썰어줍니다.풋고추 3개풋고추 대신 파프리카나 피망도 괜찮습니다~', '#5 통마늘은 한 움큼정도 준비해주시고 얇게 편썰기 해주세요.편마늘계량을 하자면, 계량숟가락 기준으로 1큰술 정도라고 보시면 됩니다. 마늘을 좋아하시는 분이라면 더 많이 넣어주셔도 괜찮습니다!', '#6 표고버섯은 채썰기 해주세요.표고버섯 3개버섯 종류는 상관없습니다!', '#7 팬을 약불에 올려주신 뒤 버터 1조각을 넣어줍니다.버터 한조각팬약불', '#8 버터가 녹으면 대파와 마늘을 넣고대파 1/2단, 편마늘팬약불', '#9 버터에 볶아주세요.대파 1/2단, 편마늘팬약불', '#10 중간에 기름 1큰술 정도 넣어주세요.대파 1/2단, 편마늘, 기름 한 큰술팬약불', '#11 다시 잘 볶아줍니다대파 1/2단, 편마늘팬약불', '#12 마늘과 파의 향이 올라오고 색이 변하기 시작하면대파 1/2단, 편마늘팬약불', '#13 양파를 넣고 같이 볶아줍니다.양파 1/2개팬약불', '#14 양파의 색이 투명해질 때쯤,양파 1/2개팬약불', '#15 호박과 고추를 넣고 같이 볶아주세요.애호박 1/2개, 풋고추 3개팬약불', '#16 호박과 고추가 익어갈 때쯤,애호박 1/2개, 풋고추 3개팬약불', '#17 버섯과 새우를 넣고 볶아줍니다.표고버섯 3개, 새우팬약불', '#18 새우의 색이 붉어지면표고버섯 3개, 새우팬약불', '#19 밥을 넣고 볶아주세요.밥팬약불', '#20 뭉쳐있는 밥은 주걱을 이용해서 잘 펴주시면서 볶아주세요.밥팬약불', '#21 밥을 한 쪽면으로 밀어주신 뒤밥팬약불', '#22 팬의 바닥 면에 간장 1큰술을 넣고간장 1큰술팬약불', '#23 간장을 살짝 태워주세요.간장 1큰술팬약불', '#24 밥을 다시 잘 볶아줍니다.팬약불', '#25 굴소스 1큰술과굴소스 1큰술팬약불', '#26 올리고당 1큰술을 넣고 볶아주시면 완성입니다.올리고당 1큰술팬약불', '#27 마지막으로 계란 후라이와 마요네즈를 뿌려주시면 정말 완성이에요.'], []]"
14,
15,"[['치킨너겟으로 간편하게 간장치킨 만들기', '2인분 15분 이내 아무나 '], {'[재료]': ['치킨너겟20개', '견과류(아몬드or땅콩)1줌(생략가능)'], '[양념]': ['진간장3스푼(밥수저)', '설탕2스푼(밥수저)', '올리고당3스푼(밥수저)', '다진마늘1스푼(밥수저)', '매실액1스푼(밥수저)', '맛술2스푼(밥수저)', '물3스푼(밥수저)']}, ['#1 [치킨너겟 노릇하게 튀기기] 프라이팬에 치킨너겟이 절반 정도 잠길정도의 식용유를 두르고 로 한 면씩 뒤집어 가며 튀겨주세요. 제 기준으로 5분씩 총 10분 튀겨주었어요.치킨너겟 20개, 식용유약불냉동상태의 너겟을 바로 튀기면 기름이 튀어요.미리 자연해동시켜주시거나 프라이팬 뚜껑을 살짝 닫아서 기름 튐을 방지해주세요!', '#2 [기름기 제거] 튀겨진 너겟은 키친타월에 올려서 표면 기름을 제거해주세요.키친타월기름기를 제거해야 느끼함이 덜하겠지요.', '#3 [간장치킨 소스 만들기] 작은 볼에 진간장 3 스푼, 설탕 2스푼, 올리고당 3 스푼, 다진 마늘 1 스푼, 매실액 1 스푼, 맛술 2 스푼, 물 3스푼을 넣고 섞어주세요.진간장 3 스푼, 설탕 2스푼, 올리고당 3 스푼, 다진 마늘 1 스푼, 매실액 1 스푼, 맛술 2 스푼, 물 3스푼작은 볼 혹은 너겟 튀겼던 프라이팬설거지 거리 줄이시려면 조금 전 너겟 튀겼던 프라이팬의 식용유를 버리고 소스 만들어주세요.', '#4 [간장소스에 버무리기] 움푹 팬 프라이팬에 소스를 넣고 로 가열해 주세요. 몇 초 후 끓기 시작하면 로 내린 후, 치킨너겟을 모두 넣고, 주걱으로 버무려 주세요.강불로 시작해서 소스가 끓으면 중불너겟은 소스를 순식간에 흡수시키니 빠르게 버무려 주세요.', '#5 [취향에 따라 견과류 추가] 소스가 거의 없어졌을 때 먹기 좋게 부셔놓은 견과류를 넣어주시고 에서 30초 정도만 버무려 주세요.견과류 한 줌중불견과류를 넣으시면 고소하고 오독한 식감이 추가되니 추천 드려요.'], []]"
16,"[['담백한 새우연두부달걀탕', '2인분 15분 이내 아무나 '], {'[재료]': ['연두부1팩', '새우10-12마리', '달걀1개', '송송썬쪽파1-2줌', '다시마5cmx5cm1장', '간장1-1.5T']}, ['#1 우선 다시마물을 만들어요. 냄비에 물 붓고 다시마를 넣어 센 불에서 끓이다 끓어오르면 약불로 줄여 약 15분간 더 끓여주세요.', '#2 15분 후, 다시마는 건져 내고', '#3 수저로 듬성듬성 연두부를 퍼서 냄비에 넣어주세요.', '#4 그리고 새우 넣고 간장 1-1.5T 넣어주세요.', '#5 센 불에서 약 5분간 팔팔 끓여주세요. 떠오르는 거품은 걷어주세요~', '#6 불을 약불로 줄이고 달걀물을 원을 그려가며 쪼로록 부어주세요. 달걀물이 바닥에 붙지 않도록 한번만 휘이 저어주세요.', '#7 쪽파 올리고, 후추 톡톡하면 완성입니다. 간 보고 싱거우면 소금으로 간해주세요~'], []]"
17,"[['밥도둑 반찬 고추장 달걀조림 만들기!TV 알토란 레시피', '3인분 20분 이내 아무나 '], {'[재료]': ['달걀10개', '양파1개', '청양고추3개', '쪽파또는대파약간', '멸치육수1.5컵'], '[양념]': ['고추장2T', '고춧가루3T', '진간장4T', '설탕2T', '물엿3T', '참기름2T', '깨1T', '후추1ts']}, ['#1 먼저 물에 소금1T,식초1T를 섞어 달걀을 7-8분 반숙으로 삶아 줍니다.', '#2 달걀이 삶아지는 동안 양파는 굵게 채 썰고 청양고추도 큼직큼직 썰어주셔요', '#3 달걀이 삶아지면 얼음물에 바로 행궈 껍질을 깔끔히 잘 벗겨 줍니다.', '#4 참기름과 깨를 제외한 모든 양념을 한곳에 미리 섞어주셔요.평소 단 것 싫으시면 설탕, 물엿은 조금 줄이셔도 됩니다', '#5 냄비에 멸치육수를 넣고 양념을 잘 풀어 주신뒤 끓여줍니다.', '#6 양념이 끓기 시작하면 양파와 청양고추를 넣고 끓여줍니다.', '#7 양념이 반정도 졸아들었다 싶을때 반숙달걀을 투하 해줍니다.이대로 약 2분정도 더 끓여주시면서 달걀에 색이 입혀지게 국물을 끼얹어 주세요', '#8 마지막으로 참기름 2T와 깨1T를 넣고 잘섞어주시고 쪽파를 고명으로 올려주시면 끝!', '#9 밥도둑 반찬 알토란 임성근님의 고추장 달걀조림 완성입니다^^', '#10 한번 먹어보니 촉촉한 반숙달걀에 매콤달콤 양념이 어우려져 넘 맛있네요.꼭 떡볶이 양념같은게 은근 중독성 있고 정말 짱짱짱!뜨끈한 밥에 비벼 먹으면 밥 한공기 뚝딱 하게 됩니다^^'], []]"
18,"[['부타동 : 일본식 돼지고기 덮밥 간단한 점심 메뉴로 굿! ', '1인분 30분 이내 초급 '], {'[재료]': ['대패삼겹살200g', '양파1/2개', '달걀노른자1개', '설탕1큰술'], '[양념장]': ['간장1.5큰술', '맛술1큰술', '설탕1큰술', '다진마늘1작은술']}, ['#1 먼저 양파는 1/2개만 썰어주세요. 부타동은 별다른 야채들이 필요없어요. 간단하게 양파만 가지고 만들 수 있어서  자취생들도간단하게 만들수 있습니다.', '#2 그 다음 양념장을 만들어줍니다.  간장 1.5큰술, 맛술 1큰술, 설탕 1큰술,  다진마늘 1작은술을 넣고 잘 섞어주세요.  원래 다진마늘 대신 생강을 넣어주는데요.  생강이 없어서 저는 다진마늘로 대체 했습니다.', '#3 그 다음 후라이팬에 대패삼겹살 200g을 넣고,  설탕 1큰술 넣고 볶아줍니다. 고기를 볶을때 설탕을 넣으시면,  소스도 더 잘베이구요. 고기의 감칠맛을 살려줍니다.', '#4 설탕이 다 녹으면 양파를 넣어주시구요.  그리고 소스도 같이 넣어줍니다.', '#5 저는 소스가 있는거 보다는 바싹 굽는게 좋더라구요.  소스가 자작하게 남아있는게 좋으신 분들은 취향에 따라 맛있게 구워주시구요.', '#6 고기가 다 익으면 밥위에  먹음직 스럽게 고기를 올려주세요.', '#7 그리고 마지막으로  가운데에 달걀 노른자 1개를 올려줍니다. 달걀의 비린맛 때문에  날달걀을 못드시는 분이라면후라이 1개 해서 올려주시구요.', '#8 마지막으로 파슬리 가루 뿌려주시면 맛있는 부타동 완성입니다.  생각보다 만들기 너무 간단하구요.  확실히 일본식이라 그런지  많이 자극적이지 않구요.  고기의 달콤 짭짤함과 노른자의 담백함이  어울려져서 맛있는 한끼로 손색없었습니다.'], []]"
19,"[['칠리새우ㅣ쉬림프 박스 만들기', '2인분 30분 이내 아무나 '], {'[재료]': ['칵테일새우1컵(종이컵)', '다진마늘1스푼', '버터1조각', '식용유2스푼'], '[칠리소스]': ['케찹2스푼', '고추가루1스푼', '설탕1스푼', '간장1스푼', '식초1스푼', '물약간']}, ['#1 냉동새우는 물에 넣고 해동시켜주세요새우꼬리부분은 취향에 따라 제거해주세요 !', '#2 칠리 소스 재료들을 모두 넣고 섞어주세요', '#3 팬에 식용유를 두르고 다진 마늘을 낮은 불에서 살짝 볶아주세요', '#4 마늘이 살짝 익을 때쯤 해동된 새우를 넣고 후추로 살짝 뿌려주세요', '#5 새우가 익어가면 소스를 넣고 소스와 새우가 함께 잘 버무려지게끔 물을 살짝 넣고 섞어주세요', '#6 마무리로 버터를 한조각 넣고 섞어주세요', '#7 밥을 준비해주세요', '#8 밥 위에 칠리새우를 올려주시면 완성입니다 !'], []]"
20,"[['일본풍 가지덮밥', '1인분 15분 이내 초급 '], {'[재료]': ['가지1개(약24cm)'], '[양념]': ['간장1T', '설탕1T', '청주1T', '미림1T', '물1T']}, ['#1 가지는 껍질을 벗기고 반으로 자른다. 오목한 그릇에 담아 랩을 씌운 뒤 전자렌지에 1분 30초 정도 돌려주세요.', '#2 가지를 살짝 식힌뒤 칼집을 내서 펼쳐줍니다.', '#3 간장, 설탕, 청주, 미림, 물을 모두 1:1:1:1:1 비율로 섞어 소스를 만들어주세요. 가지 크기에 따라 1T~1.5T가 적당하고 설탕양은 기호에 따라 조절하세요.', '#4 팬에 오일을 두르고 가지를 앞뒤로 노릇노릇하게 구워냅니다.', '#5 만들어둔 소스를 붓고, 살짝 졸이면 완성입니다.', '#6 밥위에 남은 소스를 뿌리고 가지조림을 얹으면 완성입니다.'], []]"
21,"[['매운 팽이버섯 조림 간단 반찬/술안주/맥주안주/소주안주 굿굿!!', '1인분 5분 이내 아무나 '], {'[재료]': ['팽이버섯1봉지'], '[소스]': ['고추장1스푼', '진간장1스푼', '설탕1스푼반', '다진마늘1스푼', '물2스푼']}, ['#1 팽이버섯 밑둥을 자르고 한입 크기 덩어리로 분리해줍니다', '#2 팬에 기름을 두르고 팽이버섯을 앞뒤로 30초씩 구워 줍니다강불', '#3 분량의 소스를 팽이버섯 위에 부어 줍니다', '#4 앞뒤로 30초씩 조려 주면 완성!'], []]"
22,"[['비엔나 만두 강정', '2인분 15분 이내 아무나 '], {'[재료]': ['만두(교자만두/물만두)10개', '비엔나소세지작은거1봉'], '[양념]': ['물1T', '간장1T', '고추장2T', '케찹2T', '올리고당1.5T', '다진마늘1t', '참기름약간', '깨약간']}, ['#1 만두는 기름을 두룬 팬에 노릇하게 구워줍니다.', '#2 비엔나 소세지에 원하는 모양대로 칼집을 내고 팬에 볶아줍니다. 양파가 있다면 같이 볶아줘도 좋아요:)', '#3 비엔나가 어느정도 구워지면 만두를 같이 넣어줍니다.', '#4 양념장을 넣고 양념이 고루 베이도록 잘 섞어줍니다.', '#5 양념이 어느정도 베이면 위에 통깨를 뿌려 마무리합니다.', '#6 간식이나 술안주, 밑반찬으로 먹기 좋은 비엔나만두강정 완성!'], []]"
23,"[['고소하고 향긋한 깻잎들깨볶음', '2인분 15분 이내 초급 '], {'[재료]': ['깻잎', '대파', '다진마늘1T', '국간장1T', '참기름1T', '들깨가루2T', '깨']}, ['#1 깻잎 을 씻어줍니다. 저는 자잘한 깻잎순으로 했지만. 그냥 큰 잎을 잘라서 해도 무방합니다.', '#2 끓는물에 #깻잎 을 넣고 숨이 죽으면 바로 건져 찬물에 헹궈주세요.', '#3 물기를 꼭 짜줍니다. 그 많던 #깻잎 이 한주먹밖에안되네요..^^', '#4 #깻잎 이 뭉쳐지지 않게 잘 풀어주고 양념을 넣어 줍니다. 다진마늘 1T, 국간장 1T, 참기름 1T를 넣고 조물조물 무쳐 주세요. 이렇게 무쳐서 먹어도 맛있습니다...                       ', '#5 파를 흰색 대부분을 썰어주고, 식용유를 1T정도 넣고 살짝만 먼저 볶아줍니다.', '#6 양념해 두었던 #깻잎 을 넣고 참기름 1T를 넣어주고 볶아줍니다.  너무 세지 않은 불에서 볶아주세요.', '#7 어느정도 볶아지면 참깨를 뿌려주고, 들깨까루를 2T정도 골고루 뿌려 한번 더 볶아줍니다.                   ', '#8 그럼 고소하면서 향긋한 #깻잎볶음 이 완성되요..'], []]"
24,"[['애호박 덮밥 혼밥으로 딱 좋아~', '2인분 15분 이내 아무나 '], {'[재료]': ['애호박1개', '양파1/2개', '굴소스1큰술', '고춧가루1큰술', '다진마늘1t', '참기름', '식용유', '달걀']}, ['#1 덮밥으로 애호박을 볶을 때는 조금 큼직하게 채를 썰어 준다 식감도 더 좋고 흐물거리지 않아 좋다', '#2 큼직하게 채 썰은 호박과 양파를 준비', '#3 팬에 참기름 1 큰 술과 식용유를 살짝 넣어 야채 볶기', '#4 애호박과 양파를 볶아 준다', '#5 애호박이 반쯤 익었을 때쯤에 준비한 양념을 넣어 야채와 골고루 섞어 준다', '#6 굴소스,고춧가루, 다진마늘을  섞어 양념을 만든 뒤 넣어 준다', '#7 애호박에 간이 잘 베이고 익히려고 뚜껑을 닫고 약한 불에 조리했다 뚜껑을 닫지 않아도 되지만 그럼 수분이 빠져나가서  자꾸 뒤적거리게 되고 그럼  호박이 으깨지기도 하니까~', '#8 마지막에 대파를 넣고 참기름도 넣어 한 번 더 휘리릭 볶아서 수분을 날리면 끝 사실 너무 간단한 음식이라는 거^^', '#9 달걀 프라이와 같이 올려내니 먹음직스럽다 애호박 한 개와 양파만 있으면 10분 안에 만들어지는 간단 메뉴 달걀 프라이까지 올려내니 정말 성의 있어 보이는 한 끼가 되었다'], []]"
25,"[['초간단 럭셔리요리@ 매콤참치퀘사디아', '2인분 5분 이내 아무나 '], {'[재료]': ['또띠아2장', '참치캔1개', '치즈취향껏', '양파0.5개', '청양고추1개'], '[양념]': ['토마토소스4T']}, ['#1 참치캔, 햄, 양파, 치즈(취향대로), 토마토소스, 또띠아를 준비하고, 추가로 느끼함을 잡아주고 매콤함을 더해주기위해 청양고추도 준비합니다.', '#2 또띠아 한쪽면에 토마토소스를 2T덜어 바르고 캔참치의 기름기를 최소화하여 올려줍니다', '#3 그 위로 양파올리고', '#4 햄올리고', '#5 청양고추는 잘게썰어 고루 분포시켜 올리고 본인이 좋아하는 재료 더 추가합니다.', '#6 다른 또띠아의 한면에도 토마토소스를 2T 발라줍니다', '#7 기존에 재료쌓아올린 또띠아에 치즈를 듬뿍올리고', '#8 덮어줍니다 그리고 이대로 전자렌지에서 2분 돌려주면', '#9 끝', '#10 치즈가 녹아있죠', '#11 먹기좋게 잘라주고', '#12 하나씩', '#13 집어들어', '#14 먹으면 기가 막히는 맛입니다♥'], []]"
26,"[['두부강정 맵지않은 소스로 아이들 입맛까지 확 ~', '2인분 30분 이내 아무나 '], {'[재료]': ['두부1모', '부침가루약간', '식용유약간'], '[양념]': ['케첩3큰술', '올리고당2큰술', '설탕1큰술', '간장2큰술', '다진마늘1큰술']}, ['#1 재료도 간단하고 만드는법도 간단한  아이들 입맛사로잡는 두부요리 ! 두부강정 만드는법 알려드릴께요 :)', '#2 두부는 부침가루에 골고루 묻혀줄껀데요 그 전에 두부에 있는 물기를 어느정도 제거해줘야 해요 키친타월이나 주방용 면보를 사용하셔서 두부에 묻어있는 물기를 제거해주세요', '#3 물기를 어느정도 제거해준뒤에는 먹기 좋은 크기로 잘라주세요 너무 작게 잘라서도 해봤는데 튀겨줄때 조금 귀찮더라고요 ㅎㅎ 그래서 저는 깍두기보다 조금 더 큰 크기로 잘라줬어요', '#4 그 다음은 두부에 부침가루를 골고루 묻혀줄 차례인데요 손으로 하나하나 묻혀주는것도 좋지만 제일 간단한 방법으로는 요렇게 위생봉투를 사용하는 것이지요 ! 위생봉투안에 부침가루를 적당량 넣어주고 썰어둔 두부를 몽땅 넣어 흔들흔들 흔들어주세요 ~ 그럼 손에 묻히지 않고도 두부에 부침가루를 골고루 입힐수 있어요', '#5 부침가루 곱게 입은 두부들을 이제 튀겨줄꺼예요 프라이팬에 식용유를 적당히 둘러주세요 튀길때는 기름이 조금 많이 들어가니 넉넉하게 둘러주시면 좋겠지요 그리고 중간불 정도의 세기에 맞춰두고 두부를 올려주세요 부침가루가 너무 많이 묻어있는 두부는 한번씩 탈탈 털어서 올려주세요 ~', '#6 두부가 노릇하게 익는동안 약간의 시간이 걸리는데요 이때 두.부.강.정 소스를 만들어 주면되요 케첩 3큰술, 간장 2큰술, 설탕 1큰술, 다진마늘 1큰술, 올리고당 2큰술 분량대로 넣어서 골고루 섞어서 준비해주세요 조금 매콤한걸 원하시면 고추장을 1큰술 정도 넣어주셔도 좋을듯해요', '#7 두부는 요리조리 돌려줘가며 골고루 노릇노릇하게 익혀주세요 ~', '#8 하게 익혀준 두부들은 키친타월에 올려 기름기를 살짝 제거해주시고요', '#9 아까 만들어뒀던 분량의 소스를 한번 끓여줄꺼예요 너무 팍 끓이면 안되고 은근한불에 살짝만 데운다는 느낌으로 끓여주세요', '#10 소스가 파르르 끓어오르기 시작하면 불을 꺼주시고요 잘 튀겨준 두부들을 넣어서 골고루 섞어주세요', '#11 골고루 섞어주기만 하면 맛있는 두부강정 완성이예요 ! 평소 저희 아이들은 두부를 그리 좋아하진 않아요 근데 요거 해주면 잘 안먹던 두부도 너무 잘먹는답니다 새콤달콤한 소스가 아이들 입맛 사로잡는데 한몫더했겠죠 ㅎ'], []]"
27,"[['달콤 짭조름♡ 떡 베이컨 간장조림♡', '3인분 5분 이내 아무나 '], {'[재료]': ['베이컨', '대파', '떡'], '[양념]': ['간장', '참기름', '물엿', '기름']}, ['#1 대파에 떡국떡 (가래떡, 떡볶이떡) 베이컨', '#2 기름두르고 볶듯구워요.(튀기듯하면 더 맛있습니다)', '#3 간장.물엿.참기름을 넣어 볶아요. 간장 한스푼, 물엿 넉넉히, 참기름한스푼(이런 느낌 비율로. )', '#4 볶아주며 졸입니다.', '#5 국물없게끔 졸여야 맛있어용: )', '#6 깨도 뿌리고 한번 볶아준 후 끝.', '#7 완성^^'], []]"
28,"[['아삭아삭한 고추된장박이 ', '15분 이내 아무나 '], {'[재료]': ['풋고추10개'], '[양념]': ['된장2T', '다진마늘1/3T', '송송썰은대파1T', '참기름1/2T', '통깨1/2T', '매실원액1T', '설탕1/3T']}, ['#1 풋고추는 깨끗이 씻은후 한입크기로 적당히 썰고, 파는 송송썰어서 1스푼가량 준비합니다.', '#2 분량의 양념을 넣고, 잘 섞어준후...', '#3 썰어논 고추/파와 함께.. 잘 버무려 주면 완성이랍니다. ^^'], []]"
29,"[['매콤버섯덮밥~한그릇', '1인분 30분 이내 아무나 '], {'[재료]': ['느타리버섯80그램', '양파60그램', '대파1대', '밥1공기', '참깨약간'], '[양념장]': ['간장1+1/2숟가락', '물3숟가락', '고추가루2숟가락', '참기름1/2숟가락', '설탕2/3숟가락']}, ['#1 느타리버섯은 길게 찢어주시고 양파는 채썰어주세요 느타리버섯대신 새송이버섯이나 다른버섯을 사용하셔도 좋아요', '#2 양념장재료를 섞어 양념장을 만들어주세요', '#3 달군팬에 대파를 넣어주세요', '#4 양파를 넣고 센불로 20초정도 볶아주세요', '#5 버섯을 넣어 1분간 더 볶아주시다가 중간불로 줄여 양념장을 넣어 볶아주세요 더 맵게 드시고 싶은 분들은 여기에 청양고추를 더 넣어주시며 되세요', '#6 양념장재료가 스며들도록 30초정도 볶아주신후에 그릇에 밥을 담고 밥위에 올려주신후에 참깨를 솔솔 뿌려 주세요'], []]"
30,"[['꿀마늘 닭강정(아이들 단골메뉴 찜♡♡)', '4인분 30분 이내 초급 '], {'[재료]': ['닭봉1팩(500그램)', '파프리카조금'], '[양념]': ['간장2숟가락', '설탕2숟가락', '꿀3숟가락', '마늘15개', '후추가루조금']}, ['#1 닭봉에 소금 1작은술 넣어 조물조물한 후에 20분정도 둬요', '#2 끓는물에 데쳐요', '#3 팬에 간장,설탕,마늘넣고 내용물 반정도 잠기게 물을 넣어요', '#4 뚜껑닫고 국물 반정도 될때까지 중불정도에서 끓여요', '#5 뚜껑연채로 꿀3숟가락.후추가루넣어요', '#6 국물이 없어지고 갈색될때까지 졸여요', '#7 파프리카넣어서 버물버물 마무리해요~ 저는 기본적으로 통깨 팍팍을 더 좋아해요~'], []]"
31,"[['차돌박이 파스타 ', '1인분 30분 이내 초급 '], {'[재료]': ['차돌박이15장', '양파1/2개', '청량고추2개', '홍고추1개', '통마늘5톨'], '[양념]': ['간장2숟갈', '굴소스1숟갈', '맛술1숟갈', '다진마늘1숟갈', '후추약간']}, ['#1 파스타면을 제일 먼저 삶습니다. 물을 넉넉하게 담아 끓여주시고 파스타를 넣어주세요. 7분 : 단단한 식감을 원할때 8분 : 쫄깃하고 탄력있는 식감 9분 : 부드럽고 통통한 면을 원할때', '#2 마늘은 편으로 썰고 양파도 적당히, 고추도 얇게 썰어주세요. 특히 고추는 얇게 썰어주셔야 입에서 겉돌지 않고 면에 착착 감깁니다.', '#3 간장 2숟갈, 굴소스 1숟갈, 맛술 1숟갈, 다진마늘 1숟갈, 후추약간을 넣어 소스를 만들어주세요. 다 삶아진 면은 건져서 올리브유를 살짝 넣어 비벼놓으시면 됩니다.', '#4 재료 준비가 끝났다면 기름을 두른팬에 마늘과 고추를 먼저 넣어 볶아 향을 내주세요. 그다음 양파도 넣어주세요.', '#5 차돌박이까지 넣어 반 정도 볶은뒤, 면을 넣고 미리 만들어둔 소스를 넣고 함께 볶아주시 면됩니다. 소스는 입맛에 따라 약간씩 넣으며 가감하세요.'], []]"
32,"[['봄동 된장무침', '6인분 이상 15분 이내 아무나 '], {'[주재료]': ['데쳐서물기짠봄동600그람'], '[양념]': ['다진파2큰술', '다진마늘1큰술', '된장2큰술', '고추장1큰술', '매실액2큰술', '참기름1큰술', '통깨1큰술', '소금약간']}, ['#1 봄동은 잎이 연한것으로 고른다.', '#2 잎을 떼어 끓는 물에 소금을 넣고 데친다.', '#3 찬물에 여러번 헹구어 씻어 물기를 꼭 짠다.', '#4 파와 마늘은 다진다.', '#5 봄동은 먹기좋은 크기로 자른다.', '#6 위의 양념으로 조물조물 무친다.', '#7 접시에 담는다.'], []]"
33,"[['자취라이프 평범한 단무지도 양념에 무쳐서 맛있게 먹자', '3인분 10분 이내 초급 '], {'[재료]': ['단무지260g', '대파손가락길이1줄'], '[양념]': ['통깨1숟가락', '고추가루1숟가락', '참기름또는들기름1숟가락', '올리고당1숟가락']}, ['#1 재료를 준비합니다. 단무지 1팩, 대파를 짧게 어슷 썰어줍니다.', '#2 그릇에 통깨를 1숟가락 넣어줍니다.', '#3 꿀 뜨는 도구로 깨를 빻아줍니다. (통깨는 몸에 흡수가 많이 되지 않아 빻아서 드시는게 몸에 더 흡수가 되어서 으깨 먹습니다.', '#4 볼에 깨를 으깨서 넣고 고추가루1숟가락을 넣습니다.', '#5 참기름 또는 들기름 1숟가락을 넣어줍니다. 저는 고소한 참기름을 좋아해요~ 들기름이 몸에는 더 좋다고 합니다.', '#6 올리고당을 1숟가락 조금 안되게 넣어 줍니다.', '#7 잘라 놓은 대파를 넣어 줍니다.', '#8 단무지는 입맛에 맞게 잘라줍니다. 저는 반달 모양을 반으로 잘라줬어요. 동그란거의 1/4 모양이라고 생각 하심 됩니다.', '#9 양념장에 물기를 짜서 넣어줍니다.', '#10 양념과 대파가 어우러지게 무쳐줍니다.'], []]"
34,"[['[반찬] 숙주새우달걀볶음', '2인분 15분 이내 아무나 '], {'[재료]': ['숙주2-3줌', '달걀1-2개', '새우10-12마리', '양파1/2개', '청양고추1-2개', '쪽파1줌'], '[양념장]': ['굴소스2T', '간장1-1.5T', '다진마늘1T', '참기름0.5T', '후추약간', '통깨약간'], '[새우밑간]': ['청주1T', '소금톡톡', '후추톡톡']}, ['#1 재료를 준비해 주세요. 숙주는 깨끗이 씻어 준비하고 양파, 청양고추, 쪽파는 적당한 크기로 썰어주세요. 달걀은 잘 풀어서 준비해주세요.', '#2 분량의 양념장을 모두 잘 섞어 준비해주세요.단맛을 위해 설탕이나 올리고당 살짝 추가하셔도 좋아요', '#3 새우는 청주 1T, 소금, 후추를 조금씩 넣어 버물버물 해주세요.', '#4 팬에 기름을 두르고', '#5 약불에서 달걀물을 부어 스크램블을 만들어 주세요. 살짝만 익힌 후 접시에 따로 담아두세요.', '#6 스크럼블 만든 팬에 그대로 기름을 조금 추가하고 양파 넣고 약 1분간 센불에서 볶아주세요.', '#7 그 다음 새우를 넣어 약 4-5분간 새우가 익을때까지 볶아주세요.', '#8 새우가 익으면 숙주를 듬뿍 올리고 양념장을 넣어주세요.', '#9 그리고 아까 만들어둔 스크럼블 에그, 대파, 청양고추를 넣어 약 1-2분간 뒤적거리다 불을 꺼주세요. 간보고 싱거우면 소금을 살짝 추가해주세요.'], []]"
35,"[['팽이버섯 베이컨 볶음', '2인분 10분 이내 아무나 '], {'[재료]': ['팽이버섯1줌', '베이컨2줄', '대파1/4대', '식용유약간', '버터1조각'], '[양념]': ['굴소스1큰술']}, ['#1 팽이버섯은 밑둥을 잘라내고 몇줄기씩 뜯어 주세요', '#2 베이컨은 채썰어 주세요.대파도 채 썰어 주세요', '#3 팬에 식용유를 두르고 대파를 넣고볶다가(1~2분 정도)', '#4 베이컨을 넣고 볶아주세요(1~2분 정도)', '#5 버터를 넣고', '#6 굴소스를 넣고', '#7 팽이버섯을 넣고 재빨리 볶아주세요.(1~2분 정도)', '#8 완성접시에 담아주세요.'], []]"
36,"[['♥[신혼밥상] 10분 반찬! 메추리알조림', '4인분 15분 이내 초급 '], {'[재료]': ['메추리알270g', '스팸1/2캔', '청양고추1~2개', '올리고당1바퀴', '다진마늘1커피스푼', '참기름1스푼', '통깨적당히'], '[간장소스]': ['간장6스푼', '설탕1.5스푼', '맛술2스푼', '물1종이컵']}, ['#1 메추리알과 스팸하나면 반찬걱정 끝!', '#2 스팸 반캔 또는 1캔 네모네모 잘라주세요.', '#3 간장 6스푼을 넣어주세요.(선택재료) 맛술2스푼 감칠맛 추가', '#4 설탕 1스푼 반을 넣어주세요.', '#5 물은 종이컵1잔 분량 붓기.', '#6 다진마늘 커피스푼1 매콤한 맛을 좋아한다면  청양고추 또는 꽈리고추 추가 아이를 위한 반찬이라면  이 단계 생략!', '#7 7분~8분 동안 졸여주세요.', '#8 가스불 끄기 직전 올리고당 한바퀴 빙 둘러주시고 참기름 1스푼, 통깨 뿌리면 초간단 반찬 완성!'], []]"
37,"[[""초간단 5분반찬!아삭아삭 '고추쌈장무침'"", '2인분 5분 이내 아무나 '], {'[재료]': ['오이고추6-7개'], '[양념]': ['쌈장1T', '고춧가루1/2T', '올리고당1T', '참기름1T', '다진마늘1/2T', '깨1T']}, ['#1 먼저 오이고추를 깨끗이 씻어 물기를 제거합니다. 매콤한것 좋아하시면 청양고추도 몇개 섞어주셔도 되요', '#2 깨끗이 씻은 고추는 먹기 좋은 사이즈로 썰어줍니다.', '#3 쌈장 1스푼에 고춧가루1/2,깨1,올리고당1,참기름1,다진마늘1/2를 넣고 잘 섞어줘요.T:성인숟가락 기준 모든 양념은 깍아서 ', '#4 썰어놓은 고추에 양념을 넣고 조물조물 잘 섞어주시면 끝입니다^0^양념은 한번에 다 넣지 마시고 조금씩 넣어가며 기호에 맞게 간을 맞쳐 주세요', ""#5 초간단 5분반찬!아삭아삭 '고추쌈장무침'완성입니다."", '#6 한개 먹어보니 아삭아삭 씹히는 고추의 식감에 양념이 어우려져 참 맛있어요. 만들기 쉽고 입맛 돋구는 반찬으로 추천해요^^'], []]"
38,
39,"[['< 한그릇요리 > 두부김치덮밥', '1인분 5분 이내 초급 '], {'[재료]': ['두부2조각', '김치1줌', '달걀1개'], '[양념]': ['진간장1T', '설탕1T', '다진마늘1/2T', '고추가루1T', '참기름1/2T']}, ['#1 포도씨유를 두르고 두부를 구워 주세요', '#2 한쪽을 굽고 뒤집어서 익히면서 잘라주세요', '#3 김치와 김치 국물을 넣고', '#4 설탕 1T 진간장 1T 고추가루 1T 다진마늘 1/2T 넣고 중불에 볶아주세요', '#5 불을 끄고 참기름을 둘러 줍니다', '#6 팬에 포도씨유를 두르고 중불에 달걀 후라이를 만들어주세요', '#7 밥 위에 두부김치를 올리고 달걀 후라이를 올리고 맛있게 먹어요'], []]"
